日期,場次,路程,場地狀況,名次,馬號,馬名,騎師,練馬師,實際負磅,排位體重,檔位,完成時間,賽後馬匹狀況
2026/07/04,1,1200米,好地至黏地,1,2,全能勇士(L245),布浩榮,呂健威,126,920,2,1:09.71,賽後須抽取樣本檢驗。
2026/07/04,1,1200米,好地至黏地,2,1,星球勇士(L441),艾道拿,大衛希斯,128,1127,1,1:10.32,賽後立即接受獸醫檢查，內窺鏡檢查顯示此駒的氣管內有很多痰。賽後須抽取樣本檢驗。
2026/07/04,1,1200米,好地至黏地,3,9,量子猴王(L393),鍾易禮,告東尼,119,1037,5,1:10.35,躍出時發生碰撞。轉直路彎時外閃，接近四百五十米處時在推進至「永福」外側之際向外斜跑。
2026/07/04,1,1200米,好地至黏地,4,3,禪勝閃亮(L051),周俊樂,呂健威,124,1017,9,1:10.49,起步時向內斜跑，與「奧林比安」互相觸碰。接近五十米處時，周俊樂的馬鞭被「量子猴王」的騎師鍾易禮的馬鞭擊中脫手。
2026/07/04,1,1200米,好地至黏地,5,5,龍騰盛世(L335),希威森,呂健威,126,1098,3,1:10.84,出閘緩慢，其後不久收慢避開「金鎗寶駒」。趨近七百米處及接近五百五十米處時兩度收慢避開「奧林比安」。趨近二百米處時在靠近「永福」之際向內斜跑，導致希威森須修正坐騎。過了二百米處後收慢，移至略為向外斜跑的「永福」外側。
2026/07/04,1,1200米,好地至黏地,6,8,永福(L317),艾兆禮,姚本輝,121,1119,7,1:10.99,直路上受催策時內閃，接近二百米處時向內斜跑，導致艾兆禮須停止催策及修正坐騎。艾兆禮表示，「好至黏地」的場地狀況不合坐騎發揮。賽後立即接受獸醫檢查，並無發現任何明顯異常之處。
2026/07/04,1,1200米,好地至黏地,7,6,金鎗寶駒(L306),莫雷拉,方嘉柏,126,1190,4,1:11.27,無特別報告。
2026/07/04,1,1200米,好地至黏地,8,4,奧林比安(L307),田泰安,伍鵬志,126,1133,8,1:11.51,起步時發生碰撞。趨近七百米處時在「金鎗寶駒」與「禪勝閃亮」之間的窄位競跑之際收慢。
2026/07/04,1,1200米,好地至黏地,9,7,機緣燦爛(L190),梁家俊,鄭俊偉,126,1009,6,1:11.99,出閘笨拙，向內斜跑，與「量子猴王」互相觸碰。
2026/07/04,1,1200米,好地至黏地,10,10,紫電王(L387),蔡明紹,葉楚航,121,1126,10,1:12.01,大部分途程在沒有遮擋下走外疊。
2026/07/04,2,1200米,好地至黏地,1,9,魅力知福(K038),布浩榮,蔡約翰,125,1169,4,1:10.06,賽後須抽取樣本檢驗。
2026/07/04,2,1200米,好地至黏地,2,11,駿先生(H180),田泰安,蘇偉賢,122,1096,3,1:10.10,起步後不久向內斜跑，與「藍爵爺」互相觸碰。賽後須抽取樣本檢驗。
2026/07/04,2,1200米,好地至黏地,3,5,朗日雪峰(J187),莫雷拉,方嘉柏,132,1256,1,1:10.13,賽後須抽取樣本檢驗。
2026/07/04,2,1200米,好地至黏地,4,1,明亮光輝(L005),金誠剛,廖康銘,135,1135,5,1:10.41,出閘僅屬一般。趨近三百米處時難以望空。
2026/07/04,2,1200米,好地至黏地,5,4,銳高(J375),蔡明紹,文家良,133,1192,6,1:10.42,早段搶口。
2026/07/04,2,1200米,好地至黏地,6,2,增旺(K148),布文,賀賢,135,1110,12,1:10.65,出閘緩慢。
2026/07/04,2,1200米,好地至黏地,7,10,紅旺繽紛(J255),巴度,韋達,123,1128,7,1:10.66,無特別報告。
2026/07/04,2,1200米,好地至黏地,8,7,藍爵爺(J448),希威森,桂福特,129,1236,2,1:10.67,起步後不久發生碰撞。希威森表示，坐騎沿途內閃，直路上受催策時未能加速。賽後立即接受獸醫檢查，並無發現任何明顯異常之處。
2026/07/04,2,1200米,好地至黏地,9,6,紅衣財神(K423),何澤堯,羅富全,131,1144,8,1:10.94,賽後被發現失去左前蹄的蹄鐵。
2026/07/04,2,1200米,好地至黏地,10,3,高感(J515),艾兆禮,黎昭昇,133,1116,9,1:10.98,無特別報告。
2026/07/04,2,1200米,好地至黏地,11,8,神燦金剛(K259),梁家俊,葉楚航,127,1162,11,1:11.56,出閘僅屬一般。
2026/07/04,2,1200米,好地至黏地,12,12,萬事得意(K171),鍾易禮,告東尼,117,1044,10,1:12.14,鍾易禮表示，坐騎大部分途程在沒有遮擋下走外疊，不利發揮，因而在直路上墮退。賽後立即接受獸醫檢查，並無發現任何明顯異常之處。
2026/07/04,3,1200米,濕快地,1,3,魅力星(K052),布文,蔡約翰,135,1187,7,1:08.91,
2026/07/04,3,1200米,濕快地,2,11,銀亮濠俠(J532),田泰安,徐雨石,128,1074,9,1:08.93,
2026/07/04,3,1200米,濕快地,3,12,爆熱(G368),艾兆禮,告東尼,128,1088,5,1:09.24,
2026/07/04,3,1200米,濕快地,4,1,日日獎(H283),莫雷拉,方嘉柏,135,1186,1,1:09.25,
2026/07/04,3,1200米,濕快地,5,5,牛精豪情(K181),巴度,桂福特,133,1153,2,1:09.28,
2026/07/04,3,1200米,濕快地,6,9,不勞而獲(K377),鍾易禮,葉楚航,127,1089,4,1:09.76,
2026/07/04,3,1200米,濕快地,7,6,萬里雲(K279),潘明輝,賀賢,133,1105,6,1:09.81,
2026/07/04,3,1200米,濕快地,8,10,競駿奔騰(K029),奧爾民,蘇偉賢,129,1017,3,1:10.03,
2026/07/04,3,1200米,濕快地,9,8,喜行(K399),潘頓,大衛希斯,130,1122,8,1:10.05,
2026/07/04,3,1200米,濕快地,10,4,機械騎士(H464),黃寶妮,文家良,127,1111,10,1:10.23,
2026/07/04,3,1200米,濕快地,11,2,多多開心(L017),金誠剛,鄭俊偉,135,1061,11,1:10.51,
2026/07/04,3,1200米,濕快地,12,7,五福星(J099),霍宏聲,羅富全,130,1084,12,1:11.52,
2026/07/04,4,1200米,好地至黏地,1,4,扶搖勢勁(K236),潘頓,姚本輝,126,1108,5,1:09.10,賽後須抽取樣本檢驗。
2026/07/04,4,1200米,好地至黏地,2,6,巴基之勝(J363),蔡明紹,蘇偉賢,121,1187,4,1:09.30,賽後須抽取樣本檢驗。
2026/07/04,4,1200米,好地至黏地,3,3,競駿輝煌(J195),布文,蔡約翰,132,1158,6,1:09.31,出閘僅屬一般。四百米處至三百米處之間難以望空。
2026/07/04,4,1200米,好地至黏地,4,2,綠族無限(H338),奧爾民,桂福特,134,1112,3,1:09.41,出閘僅屬一般。
2026/07/04,4,1200米,好地至黏地,5,1,信心星(J161),莫雷拉,方嘉柏,135,1240,1,1:09.41,無特別報告。
2026/07/04,4,1200米,好地至黏地,6,5,興馳千里(K533),楊明綸,呂健威,124,1058,2,1:09.60,接近五百五十米處時被「巴基之勝」超越，在靠近該駒之際向外斜跑。跑離二百米處時收慢避開在催策下略為向外斜跑的「巴基之勝」。楊明綸表示，他獲指示讓坐騎上前及嘗試領放。他說，坐騎出閘笨拙，因而未能展現足夠前速以遵從策騎指示。他又說，他認為坐騎在能夠沿欄領放時較合發揮。練馬師呂健威確認所發出的指示。賽後立即接受獸醫檢查，並無發現任何明顯異常之處。
2026/07/04,4,1200米,好地至黏地,7,7,開心福駒(L413),田泰安,桂福特,115,1135,7,1:10.59,早段在受約束以取得遮擋之際搶口。未能取得遮擋，自七百米處起在沒有遮擋下走外疊。田泰安報告，坐騎早段過於搶口，因而在直路上未能以勁勢衝刺。
2026/07/04,5,1400米,好地至黏地,1,11,三代至醒(L207),希威森,呂健威,123,1158,11,1:22.08,
2026/07/04,5,1400米,好地至黏地,2,4,卓越蒨鋒(J231),布文,黎昭昇,133,1057,5,1:22.39,
2026/07/04,5,1400米,好地至黏地,3,13,飛躍成就(K112),潘頓,賀賢,120,1091,12,1:22.42,
2026/07/04,5,1400米,好地至黏地,4,1,機械之星(K559),黃寶妮,文家良,128,1055,7,1:22.56,
2026/07/04,5,1400米,好地至黏地,5,9,金發盛世(E490),周俊樂,桂福特,126,1099,14,1:22.70,
2026/07/04,5,1400米,好地至黏地,6,2,和光同塵(L076),蔡明紹,巫偉傑,134,1069,1,1:22.83,
2026/07/04,5,1400米,好地至黏地,7,6,幸運大夫(L225),霍宏聲,伍鵬志,130,1205,2,1:22.84,
2026/07/04,5,1400米,好地至黏地,8,3,自力更生(G209),田泰安,鄭俊偉,134,997,13,1:22.96,
2026/07/04,5,1400米,好地至黏地,9,12,共創歡欣(L118),艾道拿,大衛希斯,122,1289,8,1:22.98,
2026/07/04,5,1400米,好地至黏地,10,14,榮耀盛甲(K290),鍾易禮,游達榮,115,980,4,1:23.06,
2026/07/04,5,1400米,好地至黏地,11,5,新力好(J118),奧爾民,蘇偉賢,133,1177,6,1:23.07,
2026/07/04,5,1400米,好地至黏地,12,8,有情有義(K416),莫雷拉,方嘉柏,128,1199,10,1:23.37,
2026/07/04,5,1400米,好地至黏地,13,10,良言一句(K569),布浩榮,沈集成,124,1052,9,1:23.48,
2026/07/04,5,1400米,好地至黏地,14,7,抱百嶺(K519),潘明輝,葉楚航,128,1017,3,1:25.17,
2026/07/04,6,1200米,濕快地,1,7,致力之城(L210),艾道拿,大衛希斯,127,1048,4,1:08.18,
2026/07/04,6,1200米,濕快地,2,6,砂漿麒星(K333),鍾易禮,告東尼,126,1134,11,1:08.91,
2026/07/04,6,1200米,濕快地,3,11,瑤瑤日上(J423),巴度,鄭俊偉,123,1168,3,1:08.95,
2026/07/04,6,1200米,濕快地,4,2,伶俐驫駒(H108),田泰安,桂福特,135,1111,10,1:09.04,
2026/07/04,6,1200米,濕快地,5,10,錶之翠河(L282),梁家俊,伍鵬志,127,1081,5,1:09.25,
2026/07/04,6,1200米,濕快地,6,9,電子好好(L119),黃寶妮,文家良,120,1260,12,1:09.43,
2026/07/04,6,1200米,濕快地,7,4,金玉良言(J499),艾兆禮,賀賢,131,1160,7,1:09.64,
2026/07/04,6,1200米,濕快地,8,12,決一劍(J484),蔡明紹,廖康銘,122,1110,9,1:09.68,
2026/07/04,6,1200米,濕快地,9,3,贏得自然(J365),布文,葉楚航,133,1138,2,1:09.69,
2026/07/04,6,1200米,濕快地,10,8,共同享樂(L231),潘頓,羅富全,127,1190,1,1:09.69,
2026/07/04,6,1200米,濕快地,11,1,葳莉非凡(K297),莫雷拉,方嘉柏,135,1144,8,1:11.09,
2026/07/04,6,1200米,濕快地,12,5,天福(K167),霍宏聲,姚本輝,131,1174,6,1:11.49,
2026/07/04,6,1200米,濕快地,,,廚神(K264),---,徐雨石,123,---,---,---,
2026/07/04,7,1200米,好地至黏地,1,5,添開心(H203),艾兆禮,伍鵬志,130,1207,2,1:10.09,
2026/07/04,7,1200米,好地至黏地,2,12,同喜(J403),希威森,韋達,120,1095,1,1:10.09,
2026/07/04,7,1200米,好地至黏地,3,6,老鼠斑(L233),潘頓,沈集成,128,1016,8,1:10.22,
2026/07/04,7,1200米,好地至黏地,4,7,精益時代(L297),周俊樂,游達榮,126,1018,12,1:10.35,
2026/07/04,7,1200米,好地至黏地,5,8,擅搏(L177),奧爾民,賀賢,128,1026,5,1:10.38,
2026/07/04,7,1200米,好地至黏地,6,11,安定神駒(L059),蔡明紹,廖康銘,121,1119,9,1:10.66,
2026/07/04,7,1200米,好地至黏地,7,10,鋁主角(L319),楊明綸,大衛希斯,124,1176,7,1:10.73,
2026/07/04,7,1200米,好地至黏地,8,2,一舖掂晒(L105),田泰安,巫偉傑,133,1139,3,1:11.00,
2026/07/04,7,1200米,好地至黏地,9,9,桃花俊(L066),金誠剛,鄭俊偉,124,1150,11,1:11.06,
2026/07/04,7,1200米,好地至黏地,10,4,開心孖寶(K475),布浩榮,呂健威,130,1118,6,1:11.80,
2026/07/04,7,1200米,好地至黏地,11,1,日出東方(K552),梁家俊,羅富全,135,1157,10,1:12.15,
2026/07/04,7,1200米,好地至黏地,,3,百威多贏(K261),霍宏聲,徐雨石,131,---,---,---,
2026/07/04,8,1800米,好地至黏地,1,6,捷威(K547),何澤堯,姚本輝,125,1128,4,1:47.65,
2026/07/04,8,1800米,好地至黏地,2,9,風起雲湧(J183),莫雷拉,蘇偉賢,123,1161,12,1:48.39,
2026/07/04,8,1800米,好地至黏地,3,3,創科群英(K319),周俊樂,游達榮,126,1140,13,1:48.55,
2026/07/04,8,1800米,好地至黏地,4,10,天蓬貓(K280),巴度,巫偉傑,122,1212,14,1:48.65,
2026/07/04,8,1800米,好地至黏地,5,4,智多多寶(K387),霍宏聲,廖康銘,128,1090,2,1:48.69,
2026/07/04,8,1800米,好地至黏地,6,13,我最好(K502),鍾易禮,伍鵬志,114,1138,7,1:49.00,
2026/07/04,8,1800米,好地至黏地,7,12,鴻圖大展(L138),潘頓,沈集成,120,1067,1,1:49.05,
2026/07/04,8,1800米,好地至黏地,8,2,紅衣醒目(K184),田泰安,羅富全,131,1051,10,1:49.06,
2026/07/04,8,1800米,好地至黏地,9,14,竣誠駒(H486),黃寶妮,告東尼,109,1192,6,1:49.06,
2026/07/04,8,1800米,好地至黏地,10,7,光明傳承(J215),潘明輝,葉楚航,124,1113,8,1:49.11,
2026/07/04,8,1800米,好地至黏地,11,8,飛躍星伴(L189),布浩榮,大衛希斯,124,1157,11,1:49.74,
2026/07/04,8,1800米,好地至黏地,12,5,佳福駒(G230),蔡明紹,文家良,125,1223,9,1:50.58,
2026/07/04,8,1800米,好地至黏地,13,11,一風雲(K336),梁家俊,丁冠豪,122,1257,5,1:51.03,
2026/07/04,8,1800米,好地至黏地,14,1,妙算強人(K577),奧爾民,桂福特,135,1164,3,1:51.43,
2026/07/04,9,1200米,好地至黏地,1,3,利高八斗(K542),潘頓,姚本輝,132,1108,1,1:09.55,
2026/07/04,9,1200米,好地至黏地,2,6,龍文正道(L415),巴度,黎昭昇,128,1121,8,1:10.04,
2026/07/04,9,1200米,好地至黏地,3,1,鼓浪好友(J217),田泰安,桂福特,135,1185,10,1:10.04,
2026/07/04,9,1200米,好地至黏地,4,5,應龍飛影(L083),艾兆禮,伍鵬志,131,1165,5,1:10.07,
2026/07/04,9,1200米,好地至黏地,5,8,歷勝(L199),周俊樂,呂健威,123,1142,9,1:10.12,
2026/07/04,9,1200米,好地至黏地,6,12,順成之星(K287),潘明輝,賀賢,119,1036,4,1:10.24,
2026/07/04,9,1200米,好地至黏地,7,9,方圓星(K517),金誠剛,羅富全,125,1067,12,1:10.27,
2026/07/04,9,1200米,好地至黏地,8,11,種得好(K579),楊明綸,文家良,122,1132,3,1:10.35,
2026/07/04,9,1200米,好地至黏地,9,10,鑽飾閃耀(L182),霍宏聲,廖康銘,124,1076,11,1:10.38,
2026/07/04,9,1200米,好地至黏地,10,4,馬寶寶(K586),奧爾民,蘇偉賢,132,1122,2,1:10.41,
2026/07/04,9,1200米,好地至黏地,11,7,天風雲(K447),梁家俊,丁冠豪,128,1173,7,1:10.51,
2026/07/04,9,1200米,好地至黏地,12,2,巧眼光(J542),布文,蔡約翰,133,1290,6,1:11.32,
2026/07/04,10,1200米,好地至黏地,1,7,實力股(L411),巴度,羅富全,125,1188,2,1:08.26,
2026/07/04,10,1200米,好地至黏地,2,6,巴閉精(L040),潘頓,呂健威,126,1153,4,1:09.10,
2026/07/04,10,1200米,好地至黏地,3,12,辣得準(J520),艾兆禮,蔡約翰,120,1096,7,1:09.21,
2026/07/04,10,1200米,好地至黏地,4,1,精彩駿將(J417),莫雷拉,方嘉柏,135,1152,1,1:09.28,
2026/07/04,10,1200米,好地至黏地,5,2,馭跑得(L193),霍宏聲,廖康銘,133,1102,9,1:09.31,
2026/07/04,10,1200米,好地至黏地,6,8,咕嚕快跑(L377),田泰安,巫偉傑,124,1213,10,1:09.49,
2026/07/04,10,1200米,好地至黏地,7,3,神鵰(L336),布浩榮,游達榮,133,1072,3,1:09.81,
2026/07/04,10,1200米,好地至黏地,8,4,人和家興(E061),金誠剛,大衛希斯,130,1226,6,1:10.04,
2026/07/04,10,1200米,好地至黏地,9,11,勇闖高峰(K237),楊明綸,蘇偉賢,122,1223,12,1:10.32,
2026/07/04,10,1200米,好地至黏地,10,5,赤海(L195),奧爾民,黎昭昇,130,1101,8,1:10.50,
2026/07/04,10,1200米,好地至黏地,11,10,星火燎原(J150),巫顯東,徐雨石,122,1168,5,1:11.20,
2026/07/04,10,1200米,好地至黏地,12,9,八駿福昇(K086),鍾易禮,告東尼,122,1185,11,1:11.66,
